{
  "model_path": "generated\\leakage_training\\models\\leakage_catboost_regressor.cbm",
  "data_sources": {
    "combined_csv": "generated\\leakage_training\\synthetic\\combined_model_ready_378.csv",
    "real_uploaded_batches_csv": "generated\\leakage_training\\extracted\\training_dataset_full.csv",
    "batch_index_csv": "generated\\leakage_training\\batch_index.csv",
    "training_summary_json": "generated\\leakage_training\\models\\training_summary.json",
    "oof_predictions_csv": "generated\\leakage_training\\models\\oof_predictions.csv"
  },
  "training_cv_metrics": {
    "rate_mae": 0.04633039281981039,
    "rate_weighted_mae": 0.05398962804289391,
    "rate_rmse": 0.06887315295627863,
    "rate_weighted_rmse": 0.08079910140615204,
    "rate_r2": 0.6526079956419439,
    "amount_mae_minor": 25293.877280446693,
    "amount_weighted_mae_minor": 29561.38132372354,
    "amount_wape": 0.34671801649990314,
    "fold": 3.0,
    "best_iteration": 328.8
  },
  "training_grouped_baseline_metrics": {
    "rate_mae": 0.1270356765148378,
    "rate_weighted_mae": 0.12713792861973777,
    "rate_rmse": 0.13593420500265413,
    "rate_weighted_rmse": 0.1359562308173504,
    "rate_r2": -0.21753969031010395,
    "amount_mae_minor": 70525.62421662256,
    "amount_weighted_mae_minor": 70568.33295530346,
    "amount_wape": 0.8906641425764704
  },
  "full_fit_metrics_on_378_rows": {
    "rows": 378.0,
    "rate_mae": 0.01266711061152599,
    "rate_weighted_mae": 0.01871998511548764,
    "rate_rmse": 0.03210667448174761,
    "rate_weighted_rmse": 0.045431966557271636,
    "rate_r2": 0.9423174901925315,
    "amount_mae_minor": 7018.897544189023,
    "amount_weighted_mae_minor": 10353.849097344404,
    "amount_wape": 0.11954563475305094
  },
  "anchor_fit_metrics_on_18_real_rows": {
    "rows": 18.0,
    "rate_mae": 0.08227516740708493,
    "rate_weighted_mae": 0.08227516740708495,
    "rate_rmse": 0.11363505838690176,
    "rate_weighted_rmse": 0.11363505838690177,
    "rate_r2": 0.281494069235494,
    "amount_mae_minor": 45370.84040547588,
    "amount_weighted_mae_minor": 45370.84040547588,
    "amount_wape": 0.5346496228624317
  },
  "synthetic_fit_metrics_on_360_rows": {
    "rows": 360.0,
    "rate_mae": 0.00918670777174804,
    "rate_weighted_mae": 0.00918670777174804,
    "rate_rmse": 0.020898185300667123,
    "rate_weighted_rmse": 0.020898185300667123,
    "rate_r2": 0.9755547375488803,
    "amount_mae_minor": 5101.300401124681,
    "amount_weighted_mae_minor": 5101.300401124681,
    "amount_wape": 0.05872177336120633
  },
  "real_uploaded_batches_fit_metrics": {
    "rows": 18.0,
    "rate_mae": 0.08267205957945684,
    "rate_weighted_mae": 0.08267205957945684,
    "rate_rmse": 0.11386647350774834,
    "rate_weighted_rmse": 0.11386647350774834,
    "rate_r2": 0.2785646486002842,
    "amount_mae_minor": 45568.546529070794,
    "amount_weighted_mae_minor": 45568.546529070794,
    "amount_wape": 0.53697939025208
  },
  "real_uploaded_batches_oof_metrics": {
    "rows": 18.0,
    "rate_mae": 0.13523452767819785,
    "rate_weighted_mae": 0.13523452767819785,
    "rate_rmse": 0.15771219770042227,
    "rate_weighted_rmse": 0.15771219770042227,
    "rate_r2": -0.3840004956865233,
    "amount_mae_minor": 75064.26014639133,
    "amount_weighted_mae_minor": 75064.26014639133,
    "amount_wape": 0.8845566451723001
  },
  "real_uploaded_batches_system_metrics": {
    "rows": 18.0,
    "rate_mae": 0.064669,
    "rate_weighted_mae": 0.064669,
    "rate_rmse": 0.10270597245319064,
    "rate_weighted_rmse": 0.10270597245319064,
    "rate_r2": 0.41305544729808163,
    "amount_mae_minor": 36961.884619887554,
    "amount_weighted_mae_minor": 36961.884619887554,
    "amount_wape": 0.43555855469502236
  }
}