{
  "training_date": "2026-06-12T10:39:56.802914+00:00",
  "input_csv": "generated\\leakage_training\\synthetic\\combined_model_ready_378.csv",
  "row_count": 378,
  "anchor_row_count": 18,
  "synthetic_row_count": 360,
  "feature_count": 31,
  "categorical_feature_count": 5,
  "target_column": "predicted_leakage_rate",
  "group_column": "parent_batch_id",
  "weight_column": "sample_weight",
  "n_splits": 5,
  "unique_group_count": 18,
  "groups": [
    "LEAK_BATCH_001",
    "LEAK_BATCH_002",
    "LEAK_BATCH_003",
    "LEAK_BATCH_004",
    "LEAK_BATCH_005",
    "LEAK_BATCH_006",
    "LEAK_BATCH_007",
    "LEAK_BATCH_008",
    "LEAK_BATCH_009",
    "LEAK_BATCH_010",
    "LEAK_BATCH_011",
    "LEAK_BATCH_012",
    "LEAK_BATCH_013",
    "LEAK_BATCH_014",
    "LEAK_BATCH_015",
    "LEAK_BATCH_016",
    "LEAK_BATCH_017",
    "LEAK_BATCH_018"
  ],
  "best_params": {
    "depth": 4,
    "learning_rate": 0.03,
    "l2_leaf_reg": 5.0,
    "min_data_in_leaf": 4,
    "random_strength": 0.5,
    "bagging_temperature": 0.0,
    "iterations": 700
  },
  "cv_metrics": {
    "rate_mae": 0.04633039281981039,
    "rate_weighted_mae": 0.05398962804289391,
    "rate_rmse": 0.06887315295627863,
    "rate_weighted_rmse": 0.08079910140615204,
    "rate_r2": 0.6526079956419439,
    "amount_mae_minor": 25293.877280446693,
    "amount_weighted_mae_minor": 29561.38132372354,
    "amount_wape": 0.34671801649990314,
    "fold": 3.0,
    "best_iteration": 328.8
  },
  "grouped_baseline_metrics": {
    "rate_mae": 0.1270356765148378,
    "rate_weighted_mae": 0.12713792861973777,
    "rate_rmse": 0.13593420500265413,
    "rate_weighted_rmse": 0.1359562308173504,
    "rate_r2": -0.21753969031010395,
    "amount_mae_minor": 70525.62421662256,
    "amount_weighted_mae_minor": 70568.33295530346,
    "amount_wape": 0.8906641425764704
  },
  "improvement_vs_grouped_baseline": {
    "rate_weighted_mae_reduction_pct": 57.5346014922315,
    "amount_weighted_mae_reduction_pct": 58.10956545842294
  },
  "fold_metrics": [
    {
      "rate_mae": 0.041178951281765616,
      "rate_weighted_mae": 0.05111415112897601,
      "rate_rmse": 0.06434361918977956,
      "rate_weighted_rmse": 0.08050105223157729,
      "rate_r2": 0.6548140091013437,
      "amount_mae_minor": 22257.854646222728,
      "amount_weighted_mae_minor": 27445.76760822752,
      "amount_wape": 0.28244532957476015,
      "fold": 1.0,
      "best_iteration": 689.0
    },
    {
      "rate_mae": 0.08294226405425631,
      "rate_weighted_mae": 0.08555295956748195,
      "rate_rmse": 0.11244778670072979,
      "rate_weighted_rmse": 0.11630861551301998,
      "rate_r2": 0.15766758317337437,
      "amount_mae_minor": 45476.69032803291,
      "amount_weighted_mae_minor": 47554.851834753965,
      "amount_wape": 0.45069425120551404,
      "fold": 2.0,
      "best_iteration": 66.0
    },
    {
      "rate_mae": 0.036131502099658354,
      "rate_weighted_mae": 0.04600254695598907,
      "rate_rmse": 0.057509126562162144,
      "rate_weighted_rmse": 0.07072819459291481,
      "rate_r2": 0.8567270109950357,
      "amount_mae_minor": 21103.74890802373,
      "amount_weighted_mae_minor": 26599.91635936813,
      "amount_wape": 0.41146176069411106,
      "fold": 3.0,
      "best_iteration": 329.0
    },
    {
      "rate_mae": 0.04758128036354393,
      "rate_weighted_mae": 0.05678217104735768,
      "rate_rmse": 0.07573333687323655,
      "rate_weighted_rmse": 0.09159741633142088,
      "rate_r2": 0.7278721958443766,
      "amount_mae_minor": 23934.57530600905,
      "amount_weighted_mae_minor": 28757.821713674308,
      "amount_wape": 0.26164609309710585,
      "fold": 4.0,
      "best_iteration": 402.0
    },
    {
      "rate_mae": 0.023817966299827742,
      "rate_weighted_mae": 0.030496311514664858,
      "rate_rmse": 0.03433189545548508,
      "rate_weighted_rmse": 0.04486022836182723,
      "rate_r2": 0.8659591790955894,
      "amount_mae_minor": 13696.517213945062,
      "amount_weighted_mae_minor": 17448.549102593784,
      "amount_wape": 0.3273426479280247,
      "fold": 5.0,
      "best_iteration": 158.0
    }
  ],
  "family_metrics": [
    {
      "rate_mae": 0.013982571134777137,
      "rate_weighted_mae": 0.02288978836041917,
      "rate_rmse": 0.028714600953700802,
      "rate_weighted_rmse": 0.04518369938357846,
      "rate_r2": -21.346921342282215,
      "amount_mae_minor": 7306.61315401744,
      "amount_weighted_mae_minor": 11997.900470433451,
      "amount_wape": 5.677787170501919,
      "family": "control_clean",
      "rows": 84.0
    },
    {
      "rate_mae": 0.030009942176126445,
      "rate_weighted_mae": 0.03865117380815039,
      "rate_rmse": 0.04327922593258987,
      "rate_weighted_rmse": 0.057678421316667276,
      "rate_r2": -3.44791398946209,
      "amount_mae_minor": 17546.649049588443,
      "amount_weighted_mae_minor": 22514.062167942535,
      "amount_wape": 0.16130159849308914,
      "family": "mixed_leakage",
      "rows": 84.0
    },
    {
      "rate_mae": 0.10161407834806216,
      "rate_weighted_mae": 0.09729990278566625,
      "rate_rmse": 0.13260195873681252,
      "rate_weighted_rmse": 0.12820697821031607,
      "rate_r2": -13.592660721238262,
      "amount_mae_minor": 48814.63118223032,
      "amount_weighted_mae_minor": 46617.4223943724,
      "amount_wape": 1.1193633968603918,
      "family": "reference_stress",
      "rows": 42.0
    },
    {
      "rate_mae": 0.03200938383207467,
      "rate_weighted_mae": 0.036242704008598456,
      "rate_rmse": 0.05042993822273928,
      "rate_weighted_rmse": 0.05523504934039539,
      "rate_r2": -21.159746123313102,
      "amount_mae_minor": 19069.890778806068,
      "amount_weighted_mae_minor": 21606.40809783847,
      "amount_wape": 0.7195653694435833,
      "family": "under_heavy",
      "rows": 84.0
    },
    {
      "rate_mae": 0.08699321611619969,
      "rate_weighted_mae": 0.1016949020039628,
      "rate_rmse": 0.10604306020241351,
      "rate_weighted_rmse": 0.12717976944724882,
      "rate_r2": -30.502783340591954,
      "amount_mae_minor": 48731.14469871785,
      "amount_weighted_mae_minor": 56828.231981150035,
      "amount_wape": 0.28816934282195866,
      "family": "unmatched_heavy",
      "rows": 84.0
    }
  ],
  "hyperparameter_search": [
    {
      "params": {
        "depth": 4,
        "learning_rate": 0.03,
        "l2_leaf_reg": 5.0,
        "min_data_in_leaf": 4,
        "random_strength": 0.5,
        "bagging_temperature": 0.0,
        "iterations": 700
      },
      "cv_metrics": {
        "rate_mae": 0.04633039281981039,
        "rate_weighted_mae": 0.05398962804289391,
        "rate_rmse": 0.06887315295627863,
        "rate_weighted_rmse": 0.08079910140615204,
        "rate_r2": 0.6526079956419439,
        "amount_mae_minor": 25293.877280446693,
        "amount_weighted_mae_minor": 29561.38132372354,
        "amount_wape": 0.34671801649990314,
        "fold": 3.0,
        "best_iteration": 328.8
      }
    },
    {
      "params": {
        "depth": 4,
        "learning_rate": 0.05,
        "l2_leaf_reg": 7.0,
        "min_data_in_leaf": 4,
        "random_strength": 1.0,
        "bagging_temperature": 0.2,
        "iterations": 700
      },
      "cv_metrics": {
        "rate_mae": 0.04915970889312702,
        "rate_weighted_mae": 0.05633958650634827,
        "rate_rmse": 0.07193447878603883,
        "rate_weighted_rmse": 0.08296117625428703,
        "rate_r2": 0.61499817907816,
        "amount_mae_minor": 26578.299246061757,
        "amount_weighted_mae_minor": 30597.335643341466,
        "amount_wape": 0.36024287547299416,
        "fold": 3.0,
        "best_iteration": 234.2
      }
    },
    {
      "params": {
        "depth": 5,
        "learning_rate": 0.03,
        "l2_leaf_reg": 6.0,
        "min_data_in_leaf": 4,
        "random_strength": 0.5,
        "bagging_temperature": 0.5,
        "iterations": 700
      },
      "cv_metrics": {
        "rate_mae": 0.047665411529203325,